step	accuracy
0	0.5252631306648254
1	0.6315789222717285
2	0.6305263042449951
3	0.6947368383407593
4	0.6973684430122375
