step	accuracy
0	0.6189516186714172
1	0.647681474685669
2	0.6970766186714172
3	0.6915322542190552
4	0.6577621102333069
5	0.6975806355476379
6	0.7298387289047241
7	0.7127016186714172
8	0.7247983813285828
9	0.727318525314331
