step	accuracy
0	0.5344444513320923
1	0.6577777862548828
2	0.6455555558204651
3	0.7055555582046509
4	0.6666666865348816
5	0.6050000190734863
6	0.695555567741394
7	0.7338888645172119
8	0.7338888645172119
9	0.7555555701255798
