step	loss
0	0.699265718460083
1	0.6302503347396851
2	0.6408618092536926
3	0.5830405950546265
4	0.5781528949737549
