step	loss
0	0.6422804594039917
1	0.6239230036735535
2	0.5906396508216858
3	0.5750688314437866
4	0.6271888613700867
5	0.566315770149231
6	0.5349509119987488
7	0.5557494759559631
8	0.5230675935745239
9	0.519504725933075
