step	loss
0	0.720393180847168
1	0.6217067241668701
2	0.620818555355072
3	0.5749059915542603
4	0.6106346845626831
5	0.6323720812797546
6	0.5815954804420471
7	0.5368929505348206
8	0.542462170124054
9	0.5067370533943176
