step	accuracy
0	0.5618749856948853
1	0.6112499833106995
2	0.6488749980926514
3	0.6597499847412109
4	0.6583750247955322
5	0.6622499823570251
6	0.6638749837875366
7	0.6759999990463257
8	0.684499979019165
9	0.6959999799728394
