step	accuracy
0	0.5543749928474426
1	0.6134999990463257
2	0.6422500014305115
3	0.6485000252723694
4	0.6583750247955322
