step	accuracy
0	0.5341249704360962
1	0.6026250123977661
2	0.6433749794960022
3	0.6636250019073486
4	0.6702499985694885
5	0.6702499985694885
6	0.6827499866485596
7	0.6977499723434448
8	0.7041249871253967
9	0.7080000042915344
