step	loss
0	0.7545922994613647
1	0.6568212509155273
2	0.6369307637214661
3	0.61814284324646
4	0.6083688139915466
5	0.6061110496520996
6	0.5892894864082336
7	0.5798096060752869
8	0.567733883857727
9	0.5674037337303162
