step	loss
0	0.6926403045654297
1	0.6555540561676025
2	0.6252131462097168
3	0.6084418892860413
4	0.6202871203422546
5	0.6116486191749573
6	0.6096437573432922
7	0.5902102589607239
8	0.5839014053344727
9	0.5757749080657959
