step	loss
0	0.7071962356567383
1	0.6506034135818481
2	0.6324851512908936
3	0.621765673160553
4	0.613974392414093
